{"mean": -1.7443882259347652, "standard_deviation": 12.135666267527464}