{"mean": -1.5470845607365016, "standard_deviation": 12.132421209148823}