{"mean": 0.11908804000596589, "standard_deviation": 5.539204551592834}