{"mean": -0.6694090360745171, "standard_deviation": 12.135585997706865}