{"mean": -0.33948618399366287, "standard_deviation": 12.152149424991416}