{"mean": 0.8210753021438816, "standard_deviation": 12.247559430412036}