{"mean": -1.2770801510416148, "standard_deviation": 6.821838335395029}