{"mean": -1.8293655913978493, "standard_deviation": 7.691381255514504}