{"mean": 2.0388809472427476, "standard_deviation": 6.044494869294658}