{"mean": -0.8743093540190464, "standard_deviation": 6.669125455803188}