{"mean": -1.3210331759059162, "standard_deviation": 12.12536916916354}