{"mean": 0.4441578082351449, "standard_deviation": 6.065780371621838}